Year;Day;01;02;03;04;05;06;07;08;09;10;11;12
1995;1;722.00;1910.00;1530.00;1210.00;1090.00;577.00;295.00;242.00;227.00;322.00;308.00;238.00
1995;2;789.00;1970.00;1500.00;1150.00;1120.00;519.00;403.00;215.00;235.00;301.00;329.00;257.00
1995;3;814.00;2010.00;1440.00;1140.00;1090.00;500.00;455.00;224.00;205.00;380.00;328.00;237.00
1995;4;800.00;2020.00;1360.00;1150.00;988.00;525.00;360.00;230.00;218.00;310.00;272.00;226.00
1995;5;750.00;1990.00;1340.00;1150.00;953.00;559.00;386.00;200.00;225.00;338.00;265.00;246.00
1995;6;792.00;1960.00;1340.00;1100.00;922.00;515.00;380.00;194.00;224.00;413.00;264.00;251.00
1995;7;690.00;1920.00;1330.00;1050.00;920.00;516.00;355.00;196.00;288.00;439.00;213.00;212.00
1995;8;667.00;1850.00;1360.00;1020.00;745.00;520.00;306.00;219.00;338.00;370.00;215.00;195.00
1995;9;619.00;1740.00;1360.00;964.00;758.00;541.00;281.00;296.00;274.00;407.00;268.00;195.00
1995;10;627.00;1580.00;1290.00;925.00;783.00;529.00;301.00;271.00;278.00;374.00;263.00;194.00
1995;11;753.00;1480.00;1220.00;840.00;760.00;477.00;349.00;246.00;265.00;342.00;248.00;192.00
1995;12;926.00;1410.00;1120.00;840.00;722.00;496.00;270.00;212.00;268.00;336.00;238.00;179.00
1995;13;1050.00;1320.00;1110.00;735.00;836.00;445.00;304.00;235.00;268.00;304.00;273.00;195.00
1995;14;963.00;1270.00;993.00;704.00;705.00;445.00;371.00;226.00;259.00;318.00;244.00;190.00
1995;15;1070.00;1250.00;971.00;634.00;720.00;401.00;383.00;212.00;293.00;293.00;289.00;174.00
1995;16;1050.00;1270.00;966.00;639.00;695.00;402.00;351.00;234.00;303.00;288.00;240.00;177.00
1995;17;921.00;1320.00;942.00;673.00;733.00;388.00;297.00;236.00;314.00;380.00;258.00;174.00
1995;18;1030.00;1350.00;935.00;650.00;746.00;391.00;323.00;215.00;323.00;267.00;258.00;188.00
1995;19;1130.00;1330.00;1120.00;698.00;826.00;417.00;258.00;211.00;302.00;281.00;261.00;210.00
1995;20;1120.00;1330.00;1240.00;708.00;855.00;416.00;319.00;217.00;285.00;284.00;309.00;220.00
1995;21;1100.00;1340.00;1380.00;718.00;792.00;394.00;324.00;215.00;260.00;295.00;291.00;284.00
1995;22;1200.00;1300.00;1420.00;808.00;732.00;391.00;238.00;219.00;260.00;264.00;313.00;387.00
1995;23;1320.00;1280.00;1470.00;791.00;689.00;380.00;279.00;205.00;277.00;270.00;294.00;399.00
1995;24;1400.00;1300.00;1460.00;808.00;643.00;358.00;351.00;218.00;254.00;289.00;280.00;430.00
1995;25;1470.00;1360.00;1380.00;927.00;627.00;380.00;330.00;241.00;259.00;304.00;264.00;513.00
1995;26;1530.00;1450.00;1330.00;985.00;635.00;385.00;283.00;228.00;281.00;278.00;279.00;598.00
1995;27;1600.00;1520.00;1320.00;1100.00;601.00;345.00;323.00;236.00;291.00;245.00;252.00;683.00
1995;28;1720.00;1540.00;1320.00;1200.00;597.00;317.00;259.00;234.00;267.00;257.00;240.00;655.00
1995;29;1820.00;;1330.00;1160.00;649.00;341.00;281.00;242.00;294.00;259.00;230.00;646.00
1995;30;1910.00;;1310.00;1120.00;567.00;316.00;266.00;227.00;375.00;270.00;229.00;532.00
1995;31;1950.00;;1260.00;;608.00;;236.00;228.00;;282.00;;540.00
1996;1;466.00;321.00;597.00;232.00;151.00;261.00;107.00;150.00;182.00;249.00;158.00;992.00
1996;2;443.00;382.00;596.00;241.00;199.00;205.00;78.40;167.00;170.00;161.00;140.00;1120.00
1996;3;420.00;331.00;547.00;254.00;163.00;175.00;79.10;139.00;166.00;222.00;159.00;1090.00
1996;4;397.00;275.00;516.00;205.00;153.00;235.00;109.00;104.00;131.00;188.00;168.00;1190.00
1996;5;419.00;370.00;467.00;212.00;151.00;250.00;289.00;149.00;162.00;161.00;196.00;1130.00
1996;6;423.00;368.00;439.00;198.00;151.00;243.00;127.00;186.00;130.00;124.00;177.00;1050.00
1996;7;442.00;319.00;474.00;200.00;207.00;161.00;163.00;122.00;130.00;182.00;206.00;1120.00
1996;8;444.00;321.00;427.00;186.00;208.00;154.00;185.00;146.00;135.00;166.00;274.00;1050.00
1996;9;506.00;320.00;408.00;206.00;209.00;153.00;139.00;83.10;128.00;171.00;208.00;1060.00
1996;10;478.00;359.00;414.00;195.00;198.00;218.00;121.00;129.00;106.00;150.00;306.00;1000.00
1996;11;485.00;345.00;383.00;226.00;209.00;192.00;196.00;189.00;128.00;152.00;401.00;942.00
1996;12;568.00;410.00;401.00;232.00;214.00;155.00;154.00;132.00;136.00;125.00;383.00;858.00
1996;13;579.00;481.00;403.00;271.00;214.00;153.00;152.00;242.00;150.00;169.00;484.00;734.00
1996;14;555.00;659.00;373.00;244.00;194.00;132.00;89.80;161.00;138.00;144.00;438.00;723.00
1996;15;509.00;663.00;362.00;221.00;219.00;101.00;191.00;182.00;129.00;242.00;563.00;683.00
1996;16;477.00;733.00;324.00;190.00;166.00;70.40;114.00;153.00;114.00;170.00;577.00;633.00
1996;17;424.00;682.00;380.00;193.00;279.00;137.00;95.60;119.00;110.00;182.00;549.00;638.00
1996;18;429.00;605.00;332.00;200.00;201.00;163.00;127.00;152.00;148.00;176.00;589.00;564.00
1996;19;341.00;618.00;329.00;207.00;287.00;189.00;128.00;143.00;227.00;165.00;553.00;658.00
1996;20;357.00;647.00;338.00;208.00;368.00;124.00;94.70;161.00;175.00;164.00;614.00;578.00
1996;21;407.00;727.00;274.00;224.00;234.00;73.50;184.00;176.00;109.00;164.00;675.00;631.00
1996;22;361.00;706.00;361.00;224.00;245.00;118.00;89.00;223.00;118.00;168.00;699.00;640.00
1996;23;395.00;695.00;340.00;229.00;244.00;159.00;124.00;155.00;179.00;150.00;697.00;612.00
1996;24;372.00;639.00;364.00;144.00;241.00;181.00;117.00;172.00;168.00;121.00;674.00;585.00
1996;25;395.00;644.00;282.00;162.00;236.00;136.00;146.00;165.00;169.00;179.00;752.00;582.00
1996;26;399.00;708.00;317.00;171.00;249.00;99.40;75.60;143.00;193.00;199.00;726.00;586.00
1996;27;340.00;651.00;319.00;228.00;238.00;83.60;98.80;147.00;170.00;142.00;755.00;586.00
1996;28;338.00;601.00;295.00;151.00;223.00;77.20;160.00;162.00;117.00;176.00;843.00;575.00
1996;29;342.00;580.00;280.00;190.00;272.00;114.00;168.00;278.00;145.00;166.00;860.00;503.00
1996;30;291.00;;224.00;216.00;303.00;152.00;107.00;202.00;153.00;148.00;898.00;474.00
1996;31;241.00;;190.00;;167.00;;116.00;182.00;;136.00;;478.00
1997;1;470.00;381.00;1190.00;390.00;157.00;167.00;431.00;259.00;209.00;164.00;136.00;408.00
1997;2;448.00;380.00;1060.00;363.00;198.00;136.00;444.00;257.00;170.00;139.00;136.00;538.00
1997;3;420.00;367.00;1060.00;300.00;230.00;155.00;489.00;211.00;200.00;144.00;136.00;489.00
1997;4;425.00;341.00;1090.00;291.00;182.00;158.00;516.00;211.00;234.00;134.00;130.00;513.00
1997;5;417.00;364.00;1100.00;284.00;226.00;136.00;500.00;251.00;271.00;136.00;109.00;510.00
1997;6;408.00;367.00;1110.00;258.00;326.00;149.00;495.00;500.00;221.00;117.00;177.00;483.00
1997;7;403.00;380.00;1070.00;318.00;287.00;199.00;461.00;270.00;245.00;241.00;311.00;465.00
1997;8;351.00;416.00;1010.00;294.00;399.00;133.00;413.00;312.00;254.00;144.00;264.00;468.00
1997;9;385.00;377.00;935.00;262.00;436.00;185.00;402.00;241.00;216.00;167.00;354.00;445.00
1997;10;367.00;403.00;809.00;261.00;400.00;168.00;405.00;236.00;230.00;182.00;319.00;453.00
1997;11;361.00;357.00;700.00;283.00;346.00;209.00;367.00;211.00;212.00;150.00;367.00;521.00
1997;12;333.00;391.00;682.00;284.00;308.00;211.00;364.00;211.00;211.00;203.00;366.00;569.00
1997;13;367.00;418.00;627.00;242.00;350.00;211.00;308.00;211.00;211.00;266.00;331.00;654.00
1997;14;345.00;434.00;565.00;289.00;416.00;211.00;313.00;157.00;211.00;267.00;396.00;726.00
1997;15;289.00;547.00;517.00;238.00;311.00;211.00;387.00;218.00;205.00;285.00;340.00;683.00
1997;16;291.00;634.00;490.00;243.00;412.00;211.00;386.00;149.00;194.00;198.00;388.00;681.00
1997;17;291.00;690.00;490.00;211.00;261.00;211.00;347.00;136.00;231.00;245.00;419.00;695.00
1997;18;228.00;726.00;492.00;211.00;346.00;240.00;351.00;145.00;222.00;227.00;425.00;762.00
1997;19;255.00;684.00;463.00;211.00;291.00;273.00;299.00;174.00;148.00;193.00;512.00;879.00
1997;20;327.00;632.00;462.00;211.00;350.00;209.00;336.00;195.00;143.00;186.00;454.00;872.00
1997;21;407.00;677.00;441.00;201.00;339.00;221.00;334.00;164.00;209.00;211.00;452.00;858.00
1997;22;392.00;670.00;408.00;196.00;318.00;288.00;291.00;206.00;211.00;207.00;425.00;804.00
1997;23;418.00;628.00;406.00;253.00;306.00;258.00;283.00;151.00;208.00;207.00;403.00;751.00
1997;24;445.00;640.00;433.00;270.00;237.00;317.00;292.00;159.00;161.00;199.00;437.00;715.00
1997;25;430.00;753.00;424.00;196.00;322.00;284.00;277.00;165.00;136.00;146.00;401.00;728.00
1997;26;428.00;923.00;370.00;165.00;270.00;380.00;279.00;180.00;161.00;148.00;378.00;680.00
1997;27;428.00;1140.00;367.00;321.00;223.00;382.00;291.00;165.00;139.00;171.00;395.00;653.00
1997;28;433.00;1170.00;390.00;287.00;198.00;369.00;291.00;310.00;136.00;147.00;400.00;685.00
1997;29;421.00;;367.00;241.00;138.00;394.00;263.00;232.00;136.00;142.00;401.00;662.00
1997;30;389.00;;367.00;222.00;211.00;465.00;235.00;270.00;175.00;136.00;407.00;601.00
1997;31;374.00;;350.00;;194.00;;155.00;211.00;;136.00;;588.00
1998;1;568.00;607.00;367.00;260.00;1160.00;291.00;151.00;232.00;172.00;211.00;845.00;647.00
1998;2;585.00;593.00;354.00;309.00;1220.00;372.00;118.00;293.00;276.00;208.00;936.00;594.00
1998;3;663.00;552.00;322.00;358.00;1180.00;290.00;174.00;178.00;208.00;287.00;1010.00;609.00
1998;4;738.00;462.00;289.00;342.00;1020.00;228.00;203.00;211.00;238.00;303.00;925.00;545.00
1998;5;810.00;459.00;393.00;448.00;1040.00;307.00;204.00;174.00;240.00;307.00;969.00;533.00
1998;6;878.00;502.00;292.00;484.00;971.00;245.00;231.00;158.00;218.00;207.00;1030.00;522.00
1998;7;902.00;429.00;342.00;673.00;896.00;303.00;207.00;256.00;210.00;204.00;1050.00;512.00
1998;8;949.00;436.00;385.00;743.00;830.00;270.00;189.00;136.00;248.00;261.00;1040.00;436.00
1998;9;965.00;440.00;378.00;963.00;779.00;317.00;177.00;180.00;291.00;312.00;1030.00;503.00
1998;10;870.00;404.00;423.00;803.00;681.00;263.00;205.00;196.00;196.00;269.00;947.00;491.00
1998;11;790.00;400.00;445.00;900.00;681.00;299.00;211.00;201.00;266.00;317.00;888.00;505.00
1998;12;829.00;412.00;429.00;822.00;640.00;265.00;185.00;210.00;301.00;331.00;779.00;553.00
1998;13;705.00;399.00;415.00;809.00;561.00;211.00;288.00;154.00;284.00;277.00;747.00;617.00
1998;14;688.00;368.00;409.00;748.00;516.00;225.00;196.00;159.00;275.00;288.00;661.00;660.00
1998;15;662.00;406.00;457.00;754.00;485.00;346.00;211.00;136.00;306.00;253.00;590.00;729.00
1998;16;670.00;394.00;408.00;712.00;341.00;322.00;264.00;184.00;274.00;283.00;583.00;718.00
1998;17;667.00;386.00;408.00;903.00;449.00;279.00;307.00;143.00;268.00;273.00;620.00;741.00
1998;18;821.00;353.00;379.00;958.00;382.00;201.00;194.00;143.00;252.00;349.00;585.00;724.00
1998;19;973.00;350.00;408.00;1040.00;380.00;236.00;166.00;153.00;203.00;396.00;557.00;739.00
1998;20;1090.00;377.00;343.00;1100.00;340.00;197.00;211.00;149.00;243.00;443.00;551.00;728.00
1998;21;1150.00;332.00;298.00;1040.00;367.00;231.00;212.00;165.00;211.00;312.00;514.00;682.00
1998;22;1120.00;375.00;317.00;1040.00;366.00;201.00;214.00;183.00;211.00;335.00;482.00;632.00
1998;23;1040.00;340.00;345.00;1010.00;319.00;138.00;174.00;211.00;211.00;322.00;476.00;638.00
1998;24;968.00;336.00;291.00;907.00;349.00;120.00;136.00;276.00;175.00;354.00;439.00;659.00
1998;25;957.00;367.00;312.00;849.00;336.00;136.00;150.00;202.00;165.00;489.00;458.00;577.00
1998;26;940.00;382.00;283.00;856.00;355.00;170.00;211.00;183.00;233.00;494.00;473.00;590.00
1998;27;867.00;382.00;291.00;833.00;384.00;161.00;182.00;158.00;327.00;545.00;483.00;642.00
1998;28;814.00;367.00;291.00;1050.00;369.00;128.00;183.00;172.00;280.00;550.00;465.00;651.00
1998;29;767.00;;291.00;1140.00;371.00;153.00;167.00;136.00;228.00;727.00;481.00;697.00
1998;30;718.00;;291.00;1140.00;306.00;113.00;187.00;136.00;240.00;767.00;554.00;670.00
1998;31;607.00;;243.00;;311.00;;211.00;202.00;;854.00;;676.00
1999;1;636.00;1040.00;1470.00;799.00;531.00;365.00;300.00;279.00;211.00;397.00;327.00;313.00
1999;2;582.00;943.00;1450.00;743.00;535.00;399.00;288.00;211.00;203.00;393.00;439.00;336.00
1999;3;616.00;943.00;1430.00;714.00;552.00;414.00;288.00;190.00;213.00;510.00;407.00;332.00
1999;4;614.00;871.00;1430.00;768.00;496.00;382.00;319.00;211.00;219.00;476.00;464.00;335.00
1999;5;611.00;914.00;1440.00;685.00;483.00;390.00;438.00;305.00;194.00;400.00;429.00;350.00
1999;6;582.00;894.00;1400.00;635.00;463.00;396.00;430.00;215.00;211.00;459.00;456.00;353.00
1999;7;575.00;909.00;1360.00;648.00;474.00;420.00;491.00;191.00;213.00;442.00;441.00;455.00
1999;8;631.00;804.00;1380.00;662.00;523.00;408.00;359.00;322.00;256.00;416.00;353.00;408.00
1999;9;562.00;867.00;1380.00;625.00;453.00;401.00;334.00;371.00;227.00;407.00;336.00;483.00
1999;10;627.00;888.00;1450.00;538.00;455.00;384.00;367.00;308.00;202.00;408.00;308.00;443.00
1999;11;613.00;993.00;1550.00;613.00;494.00;317.00;383.00;277.00;201.00;413.00;375.00;517.00
1999;12;599.00;1000.00;1620.00;586.00;438.00;314.00;359.00;252.00;211.00;417.00;338.00;615.00
1999;13;675.00;854.00;1640.00;570.00;465.00;392.00;333.00;282.00;240.00;423.00;291.00;730.00
1999;14;652.00;840.00;1640.00;687.00;472.00;370.00;320.00;277.00;356.00;367.00;291.00;880.00
1999;15;726.00;789.00;1600.00;947.00;451.00;369.00;327.00;262.00;256.00;372.00;302.00;940.00
1999;16;875.00;718.00;1490.00;1020.00;445.00;369.00;305.00;257.00;215.00;367.00;291.00;904.00
1999;17;848.00;673.00;1370.00;1080.00;445.00;354.00;287.00;262.00;217.00;367.00;233.00;967.00
1999;18;956.00;757.00;1320.00;933.00;445.00;284.00;263.00;300.00;208.00;333.00;340.00;974.00
1999;19;942.00;740.00;1250.00;885.00;456.00;253.00;263.00;256.00;239.00;303.00;309.00;1220.00
1999;20;893.00;907.00;1210.00;874.00;600.00;305.00;267.00;229.00;397.00;366.00;291.00;1330.00
1999;21;835.00;1070.00;1170.00;929.00;531.00;312.00;291.00;202.00;332.00;328.00;292.00;1390.00
1999;22;817.00;1260.00;1120.00;912.00;597.00;297.00;267.00;243.00;272.00;446.00;336.00;1420.00
1999;23;730.00;1330.00;1080.00;931.00;570.00;289.00;265.00;218.00;326.00;351.00;291.00;1340.00
1999;24;677.00;1400.00;1070.00;905.00;556.00;304.00;291.00;211.00;225.00;376.00;351.00;1280.00
1999;25;666.00;1460.00;1020.00;860.00;458.00;254.00;256.00;201.00;272.00;332.00;346.00;1330.00
1999;26;733.00;1510.00;980.00;803.00;433.00;279.00;211.00;207.00;263.00;367.00;304.00;1370.00
1999;27;743.00;1510.00;931.00;728.00;445.00;318.00;212.00;184.00;300.00;325.00;286.00;1480.00
1999;28;880.00;1490.00;894.00;700.00;409.00;329.00;257.00;229.00;304.00;291.00;274.00;1670.00
1999;29;866.00;;893.00;674.00;421.00;280.00;216.00;181.00;278.00;340.00;317.00;1760.00
1999;30;1010.00;;813.00;614.00;473.00;316.00;251.00;248.00;405.00;399.00;291.00;1800.00
1999;31;1020.00;;818.00;;395.00;;253.00;243.00;;371.00;;1910.00
2000;1;1950.00;668.00;1060.00;666.00;761.00;429.00;224.00;531.00;326.00;407.00;465.00;1140.00
2000;2;1950.00;736.00;1130.00;665.00;664.00;434.00;259.00;574.00;376.00;452.00;493.00;1150.00
2000;3;1890.00;754.00;1200.00;635.00;568.00;416.00;378.00;591.00;380.00;450.00;554.00;1260.00
2000;4;1770.00;773.00;1240.00;701.00;573.00;474.00;412.00;542.00;402.00;455.00;587.00;1280.00
2000;5;1660.00;784.00;1210.00;677.00;494.00;538.00;307.00;494.00;357.00;417.00;554.00;1250.00
2000;6;1560.00;773.00;1220.00;647.00;541.00;527.00;351.00;517.00;389.00;364.00;651.00;1220.00
2000;7;1480.00;735.00;1210.00;682.00;477.00;494.00;473.00;475.00;399.00;407.00;698.00;1170.00
2000;8;1390.00;659.00;1130.00;649.00;504.00;535.00;507.00;457.00;385.00;422.00;833.00;1170.00
2000;9;1320.00;740.00;1110.00;588.00;552.00;434.00;438.00;496.00;355.00;444.00;860.00;1170.00
2000;10;1250.00;864.00;1080.00;561.00;473.00;557.00;466.00;455.00;384.00;527.00;835.00;1080.00
2000;11;1220.00;934.00;1050.00;537.00;592.00;444.00;563.00;444.00;379.00;592.00;761.00;1020.00
2000;12;1170.00;990.00;1020.00;540.00;575.00;435.00;528.00;446.00;395.00;613.00;751.00;960.00
2000;13;1120.00;1030.00;989.00;545.00;486.00;415.00;511.00;434.00;348.00;602.00;759.00;875.00
2000;14;1040.00;1050.00;901.00;546.00;498.00;455.00;604.00;425.00;340.00;617.00;789.00;909.00
2000;15;1010.00;1110.00;850.00;645.00;461.00;388.00;525.00;391.00;367.00;608.00;862.00;936.00
2000;16;914.00;1210.00;774.00;650.00;488.00;357.00;456.00;409.00;427.00;755.00;906.00;977.00
2000;17;909.00;1230.00;696.00;628.00;478.00;343.00;531.00;385.00;348.00;741.00;880.00;924.00
2000;18;909.00;1310.00;708.00;627.00;418.00;373.00;500.00;371.00;341.00;761.00;818.00;870.00
2000;19;878.00;1360.00;684.00;670.00;449.00;324.00;514.00;500.00;368.00;755.00;818.00;909.00
2000;20;842.00;1370.00;623.00;626.00;442.00;269.00;463.00;415.00;418.00;744.00;817.00;867.00
2000;21;801.00;1370.00;568.00;590.00;455.00;341.00;470.00;483.00;369.00;737.00;776.00;850.00
2000;22;774.00;1370.00;553.00;627.00;442.00;275.00;416.00;438.00;335.00;640.00;857.00;790.00
2000;23;780.00;1340.00;563.00;735.00;435.00;262.00;416.00;449.00;339.00;590.00;903.00;789.00
2000;24;765.00;1280.00;523.00;805.00;425.00;239.00;521.00;420.00;339.00;563.00;986.00;736.00
2000;25;729.00;1230.00;523.00;884.00;421.00;253.00;505.00;400.00;345.00;517.00;1050.00;735.00
2000;26;717.00;1180.00;533.00;789.00;297.00;266.00;491.00;402.00;329.00;536.00;1210.00;734.00
2000;27;712.00;1130.00;542.00;684.00;417.00;236.00;567.00;397.00;319.00;442.00;1260.00;760.00
2000;28;653.00;1120.00;561.00;756.00;407.00;242.00;597.00;397.00;357.00;456.00;1330.00;784.00
2000;29;601.00;1090.00;586.00;735.00;415.00;222.00;546.00;339.00;375.00;439.00;1280.00;830.00
2000;30;633.00;;626.00;822.00;416.00;193.00;610.00;364.00;421.00;457.00;1200.00;832.00
2000;31;623.00;;599.00;;500.00;;587.00;377.00;;445.00;;774.00
2001;1;845.00;1120.00;646.00;2000.00;1410.00;526.00;405.00;398.00;345.00;498.00;530.00;894.00
2001;2;924.00;1090.00;587.00;1960.00;1520.00;569.00;384.00;432.00;376.00;536.00;468.00;1070.00
2001;3;997.00;1050.00;630.00;1840.00;1630.00;534.00;339.00;493.00;339.00;515.00;471.00;1110.00
2001;4;975.00;1070.00;687.00;1720.00;1680.00;547.00;385.00;424.00;430.00;625.00;492.00;1070.00
2001;5;970.00;1120.00;763.00;1600.00;1620.00;531.00;404.00;410.00;411.00;727.00;455.00;951.00
2001;6;1110.00;1250.00;884.00;1490.00;1550.00;519.00;460.00;450.00;404.00;646.00;495.00;982.00
2001;7;1240.00;1230.00;779.00;1450.00;1520.00;482.00;867.00;456.00;402.00;657.00;497.00;998.00
2001;8;1250.00;1270.00;835.00;1420.00;1520.00;511.00;665.00;516.00;401.00;640.00;548.00;1020.00
2001;9;1190.00;1320.00;980.00;1420.00;1520.00;530.00;564.00;500.00;416.00;613.00;576.00;1010.00
2001;10;1160.00;1310.00;1060.00;1450.00;1480.00;510.00;515.00;521.00;389.00;587.00;638.00;1010.00
2001;11;1190.00;1310.00;1070.00;1510.00;1380.00;502.00;461.00;461.00;410.00;512.00;679.00;954.00
2001;12;1190.00;1290.00;1200.00;1560.00;1230.00;482.00;466.00;454.00;388.00;514.00;689.00;913.00
2001;13;1180.00;1260.00;1290.00;1580.00;1180.00;492.00;453.00;461.00;398.00;517.00;703.00;796.00
2001;14;1110.00;1250.00;1300.00;1560.00;1170.00;510.00;630.00;416.00;417.00;530.00;736.00;689.00
2001;15;1070.00;1150.00;1360.00;1510.00;1200.00;464.00;657.00;396.00;411.00;506.00;655.00;694.00
2001;16;976.00;1090.00;1450.00;1490.00;1210.00;454.00;642.00;501.00;403.00;545.00;590.00;595.00
2001;17;923.00;985.00;1540.00;1500.00;1270.00;479.00;488.00;407.00;439.00;496.00;528.00;576.00
2001;18;822.00;927.00;1630.00;1570.00;1100.00;469.00;564.00;387.00;535.00;470.00;578.00;511.00
2001;19;779.00;864.00;1720.00;1610.00;1020.00;455.00;518.00;425.00;538.00;486.00;548.00;559.00
2001;20;742.00;757.00;1810.00;1590.00;972.00;444.00;478.00;442.00;576.00;505.00;484.00;521.00
2001;21;753.00;740.00;1870.00;1570.00;941.00;442.00;571.00;405.00;617.00;691.00;475.00;510.00
2001;22;813.00;731.00;1920.00;1550.00;879.00;428.00;476.00;409.00;644.00;759.00;489.00;492.00
2001;23;881.00;723.00;1960.00;1540.00;847.00;445.00;490.00;398.00;611.00;758.00;456.00;516.00
2001;24;971.00;628.00;2000.00;1540.00;715.00;402.00;460.00;372.00;609.00;623.00;453.00;500.00
2001;25;1030.00;706.00;2070.00;1490.00;756.00;408.00;495.00;348.00;583.00;646.00;429.00;483.00
2001;26;1170.00;697.00;2070.00;1450.00;740.00;404.00;528.00;352.00;573.00;591.00;516.00;527.00
2001;27;1100.00;666.00;2040.00;1480.00;706.00;457.00;513.00;372.00;611.00;579.00;504.00;524.00
2001;28;1180.00;662.00;2010.00;1480.00;725.00;422.00;518.00;343.00;570.00;593.00;550.00;565.00
2001;29;1230.00;;2010.00;1430.00;617.00;426.00;438.00;325.00;536.00;592.00;617.00;704.00
2001;30;1220.00;;2000.00;1380.00;589.00;398.00;492.00;364.00;549.00;568.00;734.00;992.00
2001;31;1120.00;;2000.00;;621.00;;467.00;349.00;;520.00;;1270.00
2002;1;1400.00;851.00;1600.00;854.00;441.00;329.00;264.00;242.00;306.00;215.00;349.00;486.00
2002;2;1430.00;879.00;1660.00;763.00;497.00;348.00;270.00;200.00;270.00;206.00;419.00;472.00
2002;3;1360.00;886.00;1710.00;729.00;445.00;350.00;273.00;255.00;274.00;239.00;441.00;502.00
2002;4;1130.00;898.00;1730.00;668.00;433.00;290.00;274.00;306.00;324.00;266.00;491.00;526.00
2002;5;1120.00;876.00;1720.00;631.00;419.00;463.00;266.00;222.00;279.00;258.00;494.00;590.00
2002;6;1140.00;782.00;1660.00;634.00;429.00;394.00;257.00;268.00;298.00;247.00;623.00;541.00
2002;7;1130.00;669.00;1570.00;604.00;422.00;420.00;249.00;265.00;299.00;247.00;718.00;551.00
2002;8;1120.00;676.00;1480.00;583.00;420.00;397.00;244.00;255.00;274.00;238.00;673.00;538.00
2002;9;1060.00;698.00;1340.00;538.00;425.00;358.00;239.00;334.00;312.00;254.00;770.00;520.00
2002;10;917.00;837.00;1250.00;539.00;444.00;367.00;237.00;299.00;268.00;235.00;829.00;462.00
2002;11;869.00;915.00;1160.00;544.00;425.00;363.00;237.00;305.00;256.00;215.00;901.00;482.00
2002;12;827.00;928.00;1040.00;533.00;447.00;310.00;236.00;203.00;280.00;201.00;965.00;434.00
2002;13;771.00;864.00;1040.00;527.00;456.00;293.00;232.00;260.00;260.00;187.00;1060.00;445.00
2002;14;768.00;1060.00;948.00;510.00;510.00;314.00;230.00;236.00;237.00;195.00;983.00;414.00
2002;15;720.00;1200.00;980.00;510.00;441.00;302.00;241.00;193.00;246.00;173.00;945.00;460.00
2002;16;800.00;1370.00;887.00;488.00;438.00;313.00;269.00;245.00;227.00;208.00;902.00;463.00
2002;17;813.00;1380.00;828.00;469.00;439.00;289.00;293.00;189.00;198.00;284.00;931.00;439.00
2002;18;876.00;1230.00;813.00;522.00;430.00;325.00;249.00;206.00;176.00;282.00;933.00;568.00
2002;19;833.00;1210.00;960.00;482.00;379.00;233.00;321.00;286.00;272.00;261.00;917.00;573.00
2002;20;780.00;1190.00;1070.00;479.00;390.00;408.00;262.00;256.00;210.00;248.00;834.00;602.00
2002;21;783.00;1290.00;1250.00;461.00;383.00;356.00;271.00;282.00;220.00;224.00;756.00;643.00
2002;22;748.00;1380.00;1220.00;476.00;461.00;356.00;289.00;299.00;234.00;281.00;768.00;719.00
2002;23;770.00;1490.00;1170.00;453.00;371.00;337.00;274.00;251.00;216.00;360.00;708.00;844.00
2002;24;720.00;1480.00;1130.00;456.00;390.00;305.00;259.00;257.00;162.00;369.00;624.00;1040.00
2002;25;738.00;1450.00;1130.00;453.00;449.00;293.00;245.00;264.00;205.00;466.00;650.00;1040.00
2002;26;760.00;1470.00;1150.00;447.00;393.00;285.00;220.00;227.00;217.00;457.00;615.00;1010.00
2002;27;766.00;1530.00;1190.00;463.00;400.00;269.00;195.00;296.00;245.00;430.00;500.00;1020.00
2002;28;787.00;1560.00;1200.00;430.00;421.00;287.00;259.00;425.00;284.00;406.00;571.00;1100.00
2002;29;818.00;;1160.00;480.00;380.00;266.00;170.00;371.00;184.00;433.00;541.00;1110.00
2002;30;870.00;;1050.00;450.00;376.00;261.00;236.00;272.00;219.00;453.00;474.00;1160.00
2002;31;847.00;;905.00;;344.00;;263.00;288.00;;429.00;;1170.00
2003;1;1160.00;1020.00;552.00;408.00;392.00;308.00;251.00;180.00;185.00;168.00;151.00;350.00
2003;2;1140.00;1010.00;596.00;407.00;441.00;233.00;271.00;182.00;186.00;182.00;190.00;319.00
2003;3;1250.00;1010.00;593.00;408.00;371.00;338.00;290.00;184.00;143.00;246.00;222.00;306.00
2003;4;1390.00;1100.00;578.00;408.00;305.00;301.00;237.00;163.00;144.00;161.00;230.00;359.00
2003;5;1490.00;1290.00;603.00;409.00;396.00;326.00;195.00;135.00;181.00;199.00;151.00;402.00
2003;6;1600.00;1350.00;661.00;409.00;473.00;311.00;216.00;181.00;183.00;187.00;243.00;260.00
2003;7;1690.00;1340.00;628.00;408.00;416.00;333.00;230.00;171.00;188.00;202.00;185.00;294.00
2003;8;1750.00;1350.00;559.00;404.00;426.00;333.00;202.00;155.00;198.00;190.00;195.00;261.00
2003;9;1740.00;1270.00;515.00;366.00;335.00;317.00;216.00;181.00;205.00;180.00;207.00;193.00
2003;10;1610.00;1180.00;495.00;364.00;358.00;336.00;181.00;193.00;196.00;208.00;231.00;253.00
2003;11;1430.00;1220.00;482.00;402.00;346.00;280.00;198.00;179.00;176.00;123.00;196.00;241.00
2003;12;1310.00;1170.00;475.00;354.00;329.00;333.00;194.00;199.00;135.00;167.00;223.00;216.00
2003;13;1280.00;1110.00;468.00;374.00;328.00;264.00;188.00;175.00;145.00;174.00;220.00;272.00
2003;14;1200.00;1020.00;462.00;370.00;308.00;252.00;179.00;141.00;181.00;198.00;159.00;301.00
2003;15;1100.00;964.00;456.00;376.00;338.00;274.00;190.00;162.00;179.00;145.00;163.00;237.00
2003;16;984.00;935.00;450.00;378.00;243.00;287.00;178.00;152.00;162.00;180.00;252.00;259.00
2003;17;947.00;824.00;446.00;358.00;279.00;302.00;218.00;168.00;134.00;159.00;177.00;264.00
2003;18;923.00;841.00;442.00;332.00;350.00;290.00;156.00;298.00;164.00;136.00;229.00;261.00
2003;19;892.00;744.00;439.00;326.00;470.00;267.00;172.00;212.00;154.00;143.00;206.00;214.00
2003;20;917.00;744.00;436.00;354.00;430.00;252.00;199.00;235.00;173.00;160.00;166.00;267.00
2003;21;916.00;654.00;432.00;364.00;471.00;198.00;188.00;174.00;162.00;174.00;170.00;300.00
2003;22;969.00;615.00;429.00;343.00;372.00;205.00;162.00;141.00;171.00;172.00;170.00;258.00
2003;23;1010.00;603.00;426.00;322.00;414.00;221.00;145.00;153.00;157.00;252.00;171.00;313.00
2003;24;973.00;602.00;424.00;355.00;394.00;227.00;170.00;180.00;155.00;187.00;211.00;345.00
2003;25;913.00;560.00;422.00;331.00;403.00;241.00;170.00;163.00;154.00;168.00;210.00;346.00
2003;26;870.00;579.00;420.00;389.00;419.00;187.00;209.00;165.00;168.00;126.00;218.00;330.00
2003;27;912.00;555.00;418.00;361.00;403.00;227.00;272.00;167.00;166.00;160.00;239.00;399.00
2003;28;900.00;540.00;415.00;307.00;377.00;237.00;187.00;170.00;167.00;137.00;204.00;390.00
2003;29;935.00;;413.00;379.00;336.00;223.00;198.00;274.00;173.00;167.00;199.00;414.00
2003;30;943.00;;411.00;397.00;313.00;247.00;205.00;220.00;169.00;121.00;239.00;339.00
2003;31;970.00;;409.00;;326.00;;219.00;195.00;;281.00;;358.00
2004;1;325.00;1040.00;424.00;350.00;344.00;313.00;179.00;218.00;384.00;249.00;405.00;283.00
2004;2;372.00;948.00;386.00;355.00;363.00;330.00;190.00;225.00;350.00;228.00;401.00;272.00
2004;3;337.00;993.00;406.00;307.00;380.00;350.00;184.00;236.00;294.00;248.00;379.00;323.00
2004;4;261.00;960.00;392.00;361.00;368.00;260.00;185.00;245.00;293.00;219.00;373.00;294.00
2004;5;262.00;904.00;405.00;342.00;317.00;310.00;203.00;238.00;266.00;258.00;393.00;270.00
2004;6;257.00;882.00;391.00;362.00;322.00;232.00;167.00;201.00;268.00;321.00;346.00;262.00
2004;7;230.00;826.00;396.00;382.00;369.00;244.00;182.00;212.00;253.00;238.00;474.00;263.00
2004;8;245.00;775.00;389.00;383.00;396.00;266.00;212.00;221.00;244.00;214.00;471.00;239.00
2004;9;363.00;706.00;385.00;300.00;423.00;264.00;232.00;276.00;262.00;239.00;446.00;212.00
2004;10;359.00;602.00;350.00;315.00;619.00;205.00;275.00;340.00;249.00;276.00;484.00;220.00
2004;11;319.00;635.00;401.00;341.00;577.00;232.00;260.00;259.00;276.00;235.00;367.00;214.00
2004;12;503.00;541.00;401.00;340.00;664.00;222.00;260.00;293.00;283.00;227.00;326.00;210.00
2004;13;634.00;509.00;414.00;352.00;569.00;246.00;241.00;274.00;270.00;265.00;374.00;240.00
2004;14;853.00;543.00;397.00;320.00;452.00;214.00;288.00;308.00;287.00;288.00;381.00;232.00
2004;15;960.00;510.00;434.00;317.00;444.00;225.00;264.00;265.00;240.00;342.00;383.00;202.00
2004;16;1040.00;478.00;421.00;321.00;470.00;240.00;237.00;300.00;232.00;340.00;352.00;198.00
2004;17;1080.00;486.00;425.00;333.00;404.00;242.00;241.00;281.00;234.00;356.00;306.00;278.00
2004;18;1050.00;448.00;400.00;309.00;379.00;243.00;239.00;316.00;241.00;317.00;334.00;258.00
2004;19;1110.00;435.00;307.00;364.00;375.00;224.00;231.00;339.00;216.00;315.00;338.00;407.00
2004;20;1220.00;412.00;393.00;314.00;335.00;232.00;229.00;301.00;235.00;404.00;317.00;398.00
2004;21;1340.00;401.00;410.00;267.00;343.00;244.00;234.00;313.00;264.00;401.00;286.00;519.00
2004;22;1380.00;428.00;385.00;300.00;296.00;195.00;303.00;316.00;267.00;376.00;273.00;559.00
2004;23;1330.00;431.00;412.00;328.00;253.00;195.00;238.00;334.00;277.00;403.00;304.00;518.00
2004;24;1300.00;444.00;405.00;323.00;304.00;208.00;246.00;357.00;256.00;384.00;302.00;477.00
2004;25;1260.00;457.00;452.00;320.00;207.00;190.00;276.00;357.00;257.00;340.00;364.00;566.00
2004;26;1190.00;457.00;419.00;274.00;255.00;179.00;262.00;324.00;226.00;346.00;300.00;511.00
2004;27;1160.00;447.00;400.00;301.00;249.00;172.00;257.00;323.00;244.00;324.00;229.00;559.00
2004;28;1150.00;420.00;398.00;307.00;209.00;200.00;237.00;373.00;272.00;354.00;324.00;559.00
2004;29;1210.00;438.00;366.00;295.00;202.00;161.00;251.00;367.00;237.00;336.00;320.00;561.00
2004;30;1200.00;;380.00;461.00;204.00;191.00;218.00;398.00;249.00;346.00;288.00;518.00
2004;31;1100.00;;350.00;;209.00;;244.00;364.00;;358.00;;440.00
2005;1;383.00;380.00;377.00;496.00;473.00;228.00;212.00;262.00;181.00;217.00;179.00;189.00
2005;2;498.00;445.00;443.00;482.00;446.00;230.00;197.00;279.00;181.00;239.00;177.00;204.00
2005;3;501.00;413.00;412.00;454.00;430.00;229.00;206.00;253.00;177.00;229.00;175.00;213.00
2005;4;453.00;439.00;414.00;418.00;435.00;235.00;239.00;235.00;176.00;222.00;166.00;214.00
2005;5;499.00;438.00;396.00;413.00;442.00;217.00;252.00;227.00;174.00;211.00;165.00;232.00
2005;6;539.00;442.00;408.00;378.00;423.00;236.00;239.00;223.00;170.00;222.00;197.00;228.00
2005;7;495.00;396.00;393.00;395.00;402.00;222.00;213.00;222.00;174.00;232.00;265.00;288.00
2005;8;497.00;402.00;375.00;418.00;396.00;218.00;226.00;207.00;175.00;238.00;256.00;437.00
2005;9;479.00;328.00;406.00;481.00;391.00;217.00;248.00;193.00;171.00;245.00;193.00;387.00
2005;10;492.00;334.00;398.00;515.00;374.00;180.00;261.00;196.00;181.00;256.00;188.00;362.00
2005;11;476.00;387.00;421.00;472.00;354.00;190.00;255.00;192.00;192.00;279.00;174.00;332.00
2005;12;464.00;386.00;440.00;440.00;344.00;189.00;260.00;180.00;221.00;217.00;184.00;340.00
2005;13;426.00;594.00;465.00;432.00;307.00;182.00;253.00;178.00;225.00;225.00;173.00;330.00
2005;14;367.00;721.00;469.00;415.00;399.00;186.00;239.00;194.00;223.00;209.00;173.00;317.00
2005;15;405.00;731.00;475.00;454.00;437.00;174.00;232.00;202.00;253.00;198.00;165.00;302.00
2005;16;373.00;747.00;458.00;452.00;445.00;174.00;212.00;196.00;241.00;204.00;178.00;231.00
2005;17;363.00;720.00;464.00;438.00;462.00;166.00;207.00;188.00;267.00;197.00;174.00;242.00
2005;18;420.00;761.00;431.00;488.00;429.00;181.00;213.00;184.00;245.00;193.00;177.00;244.00
2005;19;404.00;778.00;439.00;526.00;385.00;175.00;202.00;191.00;237.00;200.00;179.00;247.00
2005;20;430.00;787.00;473.00;499.00;319.00;170.00;202.00;200.00;232.00;197.00;177.00;251.00
2005;21;535.00;732.00;438.00;507.00;316.00;166.00;195.00;204.00;227.00;200.00;173.00;225.00
2005;22;548.00;664.00;442.00;467.00;314.00;160.00;180.00;197.00;221.00;201.00;169.00;222.00
2005;23;622.00;643.00;440.00;446.00;315.00;160.00;179.00;190.00;223.00;212.00;163.00;221.00
2005;24;642.00;594.00;410.00;447.00;297.00;176.00;180.00;191.00;220.00;212.00;163.00;212.00
2005;25;686.00;557.00;444.00;440.00;278.00;184.00;182.00;215.00;217.00;205.00;174.00;222.00
2005;26;638.00;474.00;423.00;434.00;269.00;171.00;185.00;215.00;220.00;187.00;163.00;227.00
2005;27;562.00;503.00;415.00;483.00;240.00;180.00;180.00;205.00;213.00;187.00;175.00;218.00
2005;28;554.00;449.00;441.00;511.00;243.00;185.00;187.00;200.00;222.00;175.00;183.00;205.00
2005;29;507.00;;420.00;514.00;236.00;189.00;200.00;208.00;205.00;182.00;200.00;204.00
2005;30;445.00;;472.00;488.00;237.00;188.00;247.00;193.00;208.00;178.00;170.00;208.00
2005;31;447.00;;475.00;;231.00;;240.00;189.00;;185.00;;235.00
2006;1;222.00;249.00;468.00;913.00;355.00;379.00;161.00;171.00;280.00;205.00;393.00;518.00
2006;2;330.00;248.00;427.00;930.00;320.00;331.00;150.00;166.00;285.00;230.00;379.00;466.00
2006;3;466.00;238.00;522.00;892.00;310.00;312.00;157.00;167.00;260.00;305.00;336.00;433.00
2006;4;519.00;231.00;620.00;905.00;280.00;298.00;154.00;166.00;250.00;349.00;285.00;453.00
2006;5;478.00;234.00;623.00;895.00;270.00;296.00;179.00;178.00;240.00;400.00;303.00;419.00
2006;6;427.00;231.00;735.00;839.00;295.00;305.00;196.00;176.00;235.00;384.00;318.00;452.00
2006;7;397.00;228.00;814.00;777.00;376.00;248.00;252.00;183.00;243.00;447.00;340.00;492.00
2006;8;363.00;224.00;850.00;763.00;364.00;274.00;216.00;196.00;245.00;391.00;287.00;630.00
2006;9;343.00;222.00;804.00;694.00;395.00;244.00;200.00;184.00;240.00;474.00;285.00;661.00
2006;10;298.00;223.00;958.00;649.00;436.00;247.00;216.00;179.00;230.00;442.00;264.00;653.00
2006;11;290.00;225.00;1090.00;615.00;531.00;229.00;221.00;170.00;220.00;397.00;253.00;578.00
2006;12;272.00;225.00;1120.00;580.00;497.00;207.00;195.00;168.00;220.00;396.00;258.00;590.00
2006;13;268.00;235.00;1170.00;550.00;598.00;193.00;184.00;212.00;220.00;356.00;233.00;514.00
2006;14;263.00;242.00;1200.00;527.00;593.00;177.00;195.00;335.00;220.00;389.00;235.00;471.00
2006;15;257.00;268.00;1190.00;491.00;533.00;189.00;190.00;306.00;270.00;359.00;234.00;511.00
2006;16;250.00;433.00;1040.00;485.00;453.00;186.00;183.00;232.00;245.00;344.00;235.00;458.00
2006;17;265.00;606.00;937.00;485.00;457.00;180.00;181.00;270.00;227.00;336.00;225.00;452.00
2006;18;320.00;725.00;900.00;492.00;424.00;176.00;159.00;280.00;225.00;366.00;225.00;402.00
2006;19;402.00;741.00;870.00;480.00;421.00;169.00;157.00;280.00;225.00;354.00;260.00;331.00
2006;20;469.00;863.00;821.00;475.00;438.00;164.00;168.00;269.00;230.00;327.00;280.00;363.00
2006;21;463.00;809.00;790.00;449.00;425.00;159.00;160.00;275.00;225.00;335.00;331.00;381.00
2006;22;432.00;811.00;737.00;426.00;427.00;159.00;151.00;272.00;220.00;338.00;359.00;392.00
2006;23;392.00;769.00;749.00;423.00;388.00;147.00;183.00;278.00;225.00;361.00;418.00;384.00
2006;24;381.00;701.00;719.00;418.00;393.00;156.00;160.00;275.00;290.00;370.00;487.00;378.00
2006;25;349.00;651.00;760.00;412.00;410.00;184.00;153.00;270.00;250.00;341.00;559.00;367.00
2006;26;332.00;574.00;844.00;412.00;373.00;191.00;144.00;280.00;303.00;370.00;512.00;339.00
2006;27;319.00;548.00;904.00;383.00;381.00;170.00;193.00;290.00;215.00;343.00;526.00;312.00
2006;28;306.00;471.00;910.00;359.00;363.00;170.00;179.00;305.00;210.00;388.00;553.00;288.00
2006;29;296.00;;826.00;376.00;392.00;195.00;156.00;310.00;210.00;381.00;574.00;300.00
2006;30;285.00;;862.00;359.00;389.00;176.00;198.00;320.00;195.00;362.00;527.00;306.00
2006;31;267.00;;922.00;;314.00;;169.00;300.00;;403.00;;315.00
2007;1;343.00;564.00;753.00;686.00;314.00;283.00;212.00;381.00;381.00;393.00;305.00;322.00
2007;2;426.00;550.00;1150.00;724.00;312.00;289.00;242.00;230.00;332.00;389.00;276.00;350.00
2007;3;435.00;539.00;1190.00;704.00;285.00;275.00;306.00;341.00;396.00;297.00;258.00;459.00
2007;4;494.00;490.00;1220.00;685.00;285.00;281.00;308.00;230.00;385.00;415.00;263.00;502.00
2007;5;490.00;494.00;1270.00;654.00;300.00;262.00;310.00;293.00;272.00;375.00;249.00;520.00
2007;6;488.00;463.00;1270.00;572.00;284.00;253.00;306.00;333.00;356.00;375.00;228.00;621.00
2007;7;490.00;430.00;1220.00;522.00;277.00;247.00;342.00;306.00;343.00;313.00;224.00;612.00
2007;8;489.00;486.00;1160.00;507.00;287.00;242.00;383.00;474.00;342.00;299.00;216.00;723.00
2007;9;590.00;492.00;1180.00;510.00;303.00;256.00;368.00;296.00;353.00;322.00;261.00;863.00
2007;10;561.00;559.00;1150.00;439.00;236.00;238.00;334.00;259.00;316.00;418.00;238.00;945.00
2007;11;600.00;642.00;1110.00;426.00;266.00;248.00;349.00;304.00;335.00;339.00;234.00;953.00
2007;12;638.00;739.00;1060.00;412.00;270.00;248.00;374.00;362.00;319.00;370.00;321.00;951.00
2007;13;620.00;879.00;996.00;397.00;296.00;208.00;353.00;368.00;262.00;296.00;252.00;998.00
2007;14;626.00;990.00;953.00;404.00;277.00;281.00;374.00;371.00;335.00;371.00;276.00;1000.00
2007;15;605.00;1040.00;871.00;387.00;243.00;276.00;333.00;391.00;274.00;323.00;264.00;948.00
2007;16;614.00;1070.00;786.00;403.00;228.00;202.00;280.00;392.00;302.00;304.00;237.00;962.00
2007;17;582.00;1050.00;747.00;378.00;229.00;338.00;384.00;389.00;260.00;323.00;226.00;915.00
2007;18;607.00;1060.00;689.00;377.00;238.00;307.00;256.00;355.00;272.00;280.00;253.00;849.00
2007;19;609.00;997.00;626.00;341.00;300.00;226.00;297.00;419.00;269.00;240.00;257.00;774.00
2007;20;638.00;1020.00;598.00;329.00;350.00;309.00;258.00;417.00;268.00;286.00;324.00;665.00
2007;21;656.00;970.00;596.00;334.00;335.00;230.00;254.00;383.00;241.00;309.00;285.00;607.00
2007;22;674.00;909.00;638.00;330.00;312.00;252.00;266.00;444.00;225.00;264.00;320.00;607.00
2007;23;707.00;800.00;585.00;353.00;303.00;325.00;406.00;561.00;232.00;290.00;305.00;462.00
2007;24;711.00;758.00;595.00;322.00;280.00;188.00;298.00;567.00;256.00;253.00;274.00;562.00
2007;25;721.00;732.00;603.00;271.00;262.00;200.00;310.00;524.00;267.00;237.00;253.00;450.00
2007;26;774.00;716.00;651.00;312.00;278.00;307.00;310.00;486.00;275.00;248.00;271.00;412.00
2007;27;752.00;713.00;654.00;268.00;288.00;254.00;300.00;474.00;258.00;242.00;249.00;432.00
2007;28;716.00;731.00;645.00;281.00;326.00;281.00;300.00;400.00;295.00;248.00;261.00;448.00
2007;29;622.00;;635.00;292.00;300.00;240.00;300.00;404.00;357.00;419.00;284.00;403.00
2007;30;561.00;;642.00;340.00;283.00;246.00;302.00;395.00;298.00;293.00;256.00;391.00
2007;31;525.00;;645.00;;278.00;;315.00;323.00;;280.00;;391.00
2008;1;358.00;534.00;451.00;1130.00;739.00;432.00;250.00;231.00;284.00;264.00;426.00;389.00
2008;2;380.00;591.00;445.00;1120.00;689.00;524.00;279.00;266.00;266.00;273.00;386.00;382.00
2008;3;390.00;841.00;483.00;1070.00;651.00;462.00;346.00;270.00;234.00;303.00;410.00;425.00
2008;4;339.00;777.00;475.00;1030.00;679.00;457.00;260.00;342.00;275.00;286.00;458.00;452.00
2008;5;432.00;801.00;488.00;978.00;606.00;464.00;383.00;250.00;304.00;266.00;483.00;434.00
2008;6;408.00;824.00;493.00;942.00;516.00;376.00;426.00;281.00;254.00;322.00;463.00;507.00
2008;7;524.00;947.00;507.00;870.00;538.00;417.00;382.00;431.00;286.00;351.00;372.00;644.00
2008;8;616.00;895.00;541.00;829.00;493.00;492.00;340.00;354.00;267.00;393.00;388.00;619.00
2008;9;653.00;864.00;502.00;804.00;444.00;551.00;303.00;240.00;220.00;335.00;374.00;699.00
2008;10;576.00;799.00;519.00;780.00;448.00;575.00;385.00;167.00;303.00;349.00;379.00;678.00
2008;11;533.00;818.00;492.00;810.00;462.00;513.00;350.00;291.00;281.00;211.00;364.00;686.00
2008;12;578.00;719.00;544.00;855.00;440.00;522.00;290.00;285.00;386.00;315.00;412.00;708.00
2008;13;531.00;720.00;629.00;797.00;408.00;551.00;368.00;257.00;350.00;319.00;331.00;645.00
2008;14;547.00;630.00;634.00;873.00;398.00;509.00;278.00;247.00;392.00;263.00;392.00;662.00
2008;15;542.00;573.00;611.00;920.00;396.00;465.00;341.00;270.00;396.00;308.00;364.00;590.00
2008;16;582.00;549.00;706.00;1100.00;411.00;450.00;364.00;267.00;348.00;278.00;341.00;496.00
2008;17;545.00;497.00;699.00;1000.00;476.00;431.00;273.00;272.00;380.00;230.00;290.00;503.00
2008;18;602.00;494.00;784.00;953.00;426.00;442.00;325.00;243.00;371.00;289.00;272.00;447.00
2008;19;637.00;414.00;857.00;912.00;435.00;421.00;320.00;245.00;305.00;305.00;318.00;450.00
2008;20;644.00;442.00;837.00;908.00;389.00;406.00;308.00;243.00;368.00;332.00;271.00;370.00
2008;21;602.00;432.00;794.00;946.00;389.00;278.00;293.00;246.00;323.00;339.00;357.00;421.00
2008;22;604.00;418.00;862.00;927.00;352.00;383.00;257.00;353.00;300.00;317.00;317.00;408.00
2008;23;583.00;411.00;1020.00;838.00;380.00;361.00;226.00;311.00;324.00;257.00;225.00;419.00
2008;24;573.00;393.00;1100.00;814.00;361.00;361.00;263.00;282.00;347.00;308.00;378.00;401.00
2008;25;539.00;402.00;1080.00;735.00;385.00;338.00;276.00;348.00;293.00;313.00;326.00;404.00
2008;26;509.00;395.00;1050.00;716.00;390.00;336.00;384.00;302.00;256.00;362.00;308.00;354.00
2008;27;472.00;394.00;1190.00;650.00;439.00;332.00;232.00;266.00;327.00;436.00;398.00;387.00
2008;28;461.00;378.00;1130.00;721.00;586.00;319.00;281.00;306.00;305.00;425.00;293.00;351.00
2008;29;436.00;425.00;1210.00;699.00;503.00;321.00;276.00;255.00;253.00;336.00;349.00;359.00
2008;30;473.00;;1210.00;687.00;450.00;340.00;217.00;264.00;275.00;352.00;411.00;294.00
2008;31;419.00;;1170.00;;333.00;;285.00;300.00;;391.00;;308.00
2009;1;308.00;500.00;439.00;427.00;377.00;244.00;194.00;198.00;166.00;166.00;187.00;302.00
2009;2;348.00;489.00;410.00;396.00;358.00;223.00;180.00;249.00;166.00;165.00;269.00;324.00
2009;3;339.00;474.00;416.00;382.00;313.00;214.00;205.00;221.00;190.00;162.00;335.00;321.00
2009;4;318.00;450.00;384.00;355.00;229.00;220.00;186.00;216.00;239.00;175.00;229.00;315.00
2009;5;292.00;468.00;433.00;314.00;272.00;197.00;170.00;204.00;199.00;270.00;279.00;368.00
2009;6;294.00;484.00;406.00;269.00;309.00;244.00;170.00;204.00;193.00;262.00;245.00;305.00
2009;7;228.00;446.00;387.00;343.00;212.00;237.00;171.00;211.00;188.00;204.00;302.00;306.00
2009;8;256.00;469.00;411.00;267.00;211.00;259.00;195.00;193.00;182.00;288.00;204.00;273.00
2009;9;260.00;497.00;387.00;307.00;249.00;313.00;195.00;193.00;187.00;220.00;236.00;313.00
2009;10;273.00;619.00;442.00;283.00;259.00;296.00;195.00;180.00;185.00;238.00;231.00;301.00
2009;11;257.00;683.00;426.00;314.00;266.00;362.00;185.00;182.00;163.00;204.00;210.00;289.00
2009;12;222.00;658.00;466.00;289.00;432.00;246.00;182.00;180.00;171.00;205.00;228.00;268.00
2009;13;258.00;706.00;510.00;271.00;365.00;279.00;215.00;181.00;155.00;183.00;259.00;321.00
2009;14;252.00;676.00;524.00;280.00;397.00;204.00;190.00;172.00;154.00;187.00;208.00;316.00
2009;15;227.00;690.00;489.00;299.00;491.00;363.00;188.00;166.00;186.00;179.00;211.00;251.00
2009;16;275.00;685.00;460.00;259.00;436.00;379.00;228.00;183.00;166.00;180.00;227.00;238.00
2009;17;287.00;657.00;429.00;249.00;357.00;299.00;308.00;211.00;201.00;180.00;248.00;232.00
2009;18;394.00;632.00;444.00;266.00;395.00;271.00;253.00;197.00;178.00;180.00;247.00;236.00
2009;19;409.00;555.00;423.00;322.00;391.00;266.00;237.00;161.00;175.00;172.00;222.00;226.00
2009;20;431.00;572.00;398.00;316.00;329.00;222.00;221.00;197.00;180.00;177.00;256.00;252.00
2009;21;478.00;598.00;385.00;366.00;397.00;196.00;217.00;179.00;177.00;216.00;199.00;224.00
2009;22;519.00;594.00;375.00;301.00;265.00;238.00;229.00;203.00;170.00;209.00;268.00;312.00
2009;23;503.00;518.00;386.00;310.00;292.00;172.00;324.00;164.00;170.00;214.00;273.00;251.00
2009;24;608.00;449.00;342.00;260.00;274.00;169.00;258.00;173.00;172.00;187.00;234.00;453.00
2009;25;661.00;462.00;361.00;220.00;225.00;192.00;269.00;262.00;167.00;192.00;205.00;544.00
2009;26;747.00;474.00;347.00;231.00;378.00;233.00;244.00;170.00;163.00;185.00;254.00;572.00
2009;27;725.00;436.00;392.00;298.00;277.00;179.00;228.00;163.00;165.00;188.00;283.00;592.00
2009;28;663.00;470.00;418.00;428.00;250.00;178.00;228.00;160.00;166.00;181.00;271.00;487.00
2009;29;555.00;;440.00;390.00;207.00;170.00;204.00;159.00;167.00;177.00;340.00;504.00
2009;30;547.00;;463.00;383.00;262.00;206.00;221.00;156.00;162.00;177.00;317.00;526.00
2009;31;560.00;;435.00;;252.00;;211.00;154.00;;175.00;;580.00
2010;1;681.00;562.00;784.00;629.00;250.00;231.00;155.00;140.00;204.00;307.00;244.00;423.00
2010;2;667.00;549.00;813.00;562.00;242.00;159.00;154.00;139.00;259.00;389.00;249.00;456.00
2010;3;721.00;537.00;766.00;577.00;246.00;199.00;175.00;140.00;177.00;216.00;244.00;417.00
2010;4;589.00;486.00;742.00;538.00;168.00;206.00;170.00;140.00;197.00;409.00;245.00;406.00
2010;5;630.00;600.00;713.00;537.00;186.00;213.00;157.00;137.00;121.00;326.00;254.00;378.00
2010;6;559.00;710.00;663.00;525.00;265.00;148.00;179.00;136.00;170.00;324.00;250.00;330.00
2010;7;511.00;792.00;672.00;512.00;134.00;173.00;170.00;139.00;178.00;292.00;326.00;371.00
2010;8;459.00;876.00;539.00;522.00;217.00;185.00;120.00;138.00;202.00;312.00;310.00;563.00
2010;9;438.00;829.00;491.00;508.00;239.00;178.00;145.00;138.00;233.00;286.00;474.00;818.00
2010;10;436.00;803.00;516.00;474.00;220.00;226.00;145.00;142.00;257.00;284.00;484.00;922.00
2010;11;288.00;801.00;469.00;436.00;251.00;205.00;168.00;141.00;240.00;241.00;536.00;1010.00
2010;12;389.00;803.00;486.00;367.00;280.00;173.00;270.00;139.00;212.00;203.00;557.00;1070.00
2010;13;246.00;726.00;459.00;379.00;246.00;197.00;138.00;150.00;199.00;151.00;588.00;1080.00
2010;14;425.00;713.00;428.00;445.00;242.00;239.00;194.00;150.00;171.00;187.00;660.00;897.00
2010;15;356.00;638.00;379.00;379.00;332.00;368.00;575.00;154.00;261.00;244.00;675.00;890.00
2010;16;257.00;548.00;432.00;284.00;183.00;159.00;252.00;458.00;205.00;245.00;668.00;819.00
2010;17;456.00;497.00;362.00;261.00;244.00;176.00;174.00;594.00;224.00;219.00;647.00;822.00
2010;18;408.00;500.00;335.00;390.00;198.00;138.00;133.00;108.00;184.00;247.00;691.00;802.00
2010;19;469.00;524.00;262.00;295.00;168.00;203.00;123.00;253.00;181.00;241.00;682.00;804.00
2010;20;492.00;455.00;330.00;301.00;202.00;133.00;154.00;239.00;173.00;249.00;617.00;909.00
2010;21;555.00;486.00;502.00;296.00;207.00;193.00;149.00;260.00;203.00;255.00;623.00;904.00
2010;22;475.00;411.00;339.00;260.00;198.00;133.00;110.00;240.00;208.00;223.00;597.00;1010.00
2010;23;456.00;458.00;428.00;299.00;176.00;203.00;111.00;232.00;164.00;242.00;522.00;1180.00
2010;24;478.00;446.00;370.00;192.00;180.00;187.00;138.00;237.00;204.00;250.00;537.00;1240.00
2010;25;450.00;536.00;363.00;228.00;180.00;163.00;140.00;247.00;271.00;254.00;434.00;1300.00
2010;26;443.00;572.00;452.00;266.00;142.00;158.00;138.00;190.00;223.00;260.00;479.00;1360.00
2010;27;476.00;650.00;361.00;231.00;214.00;144.00;140.00;238.00;446.00;250.00;428.00;1380.00
2010;28;462.00;735.00;436.00;219.00;382.00;135.00;137.00;224.00;441.00;247.00;441.00;1420.00
2010;29;428.00;;366.00;215.00;168.00;183.00;138.00;297.00;303.00;252.00;515.00;1430.00
2010;30;529.00;;433.00;212.00;171.00;105.00;139.00;264.00;294.00;274.00;471.00;1340.00
2010;31;494.00;;519.00;;185.00;;142.00;235.00;;268.00;;1340.00
2011;1;1360.00;695.00;491.00;369.00;241.00;172.00;164.00;172.00;213.00;173.00;202.00;128.00
2011;2;1340.00;647.00;529.00;361.00;243.00;179.00;164.00;154.00;190.00;159.00;190.00;194.00
2011;3;1230.00;621.00;531.00;377.00;230.00;147.00;136.00;190.00;193.00;157.00;209.00;156.00
2011;4;1100.00;573.00;505.00;380.00;224.00;145.00;118.00;189.00;318.00;156.00;256.00;183.00
2011;5;1050.00;595.00;470.00;358.00;247.00;220.00;139.00;213.00;204.00;160.00;262.00;248.00
2011;6;1050.00;561.00;445.00;358.00;191.00;257.00;132.00;277.00;209.00;159.00;209.00;274.00
2011;7;1140.00;578.00;441.00;347.00;169.00;187.00;148.00;209.00;200.00;159.00;241.00;355.00
2011;8;1240.00;519.00;426.00;344.00;225.00;252.00;138.00;222.00;204.00;162.00;218.00;410.00
2011;9;1340.00;514.00;390.00;319.00;191.00;181.00;150.00;215.00;196.00;169.00;215.00;321.00
2011;10;1350.00;539.00;396.00;321.00;198.00;187.00;116.00;221.00;150.00;192.00;214.00;429.00
2011;11;1350.00;533.00;402.00;314.00;167.00;179.00;139.00;190.00;191.00;201.00;236.00;366.00
2011;12;1440.00;518.00;368.00;309.00;214.00;169.00;140.00;182.00;215.00;165.00;253.00;476.00
2011;13;1490.00;503.00;388.00;297.00;183.00;172.00;164.00;192.00;194.00;203.00;194.00;543.00
2011;14;1510.00;477.00;418.00;280.00;176.00;205.00;120.00;241.00;186.00;172.00;220.00;587.00
2011;15;1540.00;486.00;371.00;291.00;198.00;186.00;168.00;204.00;171.00;174.00;228.00;533.00
2011;16;1520.00;492.00;391.00;308.00;185.00;152.00;135.00;210.00;191.00;181.00;185.00;677.00
2011;17;1460.00;475.00;386.00;259.00;181.00;158.00;245.00;189.00;178.00;168.00;185.00;820.00
2011;18;1390.00;478.00;433.00;296.00;188.00;166.00;160.00;225.00;210.00;153.00;197.00;957.00
2011;19;1350.00;481.00;344.00;244.00;184.00;170.00;243.00;189.00;200.00;216.00;192.00;1020.00
2011;20;1330.00;492.00;383.00;253.00;180.00;188.00;375.00;154.00;192.00;199.00;146.00;1060.00
2011;21;1280.00;462.00;377.00;273.00;174.00;227.00;205.00;214.00;197.00;194.00;186.00;970.00
2011;22;1220.00;479.00;397.00;253.00;172.00;179.00;272.00;166.00;168.00;157.00;174.00;965.00
2011;23;1080.00;468.00;336.00;255.00;145.00;222.00;203.00;216.00;177.00;198.00;201.00;965.00
2011;24;1040.00;463.00;377.00;249.00;185.00;180.00;202.00;201.00;193.00;159.00;160.00;996.00
2011;25;908.00;468.00;342.00;267.00;137.00;157.00;205.00;188.00;176.00;208.00;163.00;992.00
2011;26;877.00;466.00;354.00;232.00;178.00;185.00;203.00;260.00;178.00;224.00;175.00;970.00
2011;27;866.00;519.00;358.00;252.00;141.00;138.00;201.00;279.00;189.00;178.00;167.00;901.00
2011;28;866.00;497.00;345.00;240.00;150.00;170.00;180.00;234.00;154.00;217.00;172.00;838.00
2011;29;792.00;;367.00;237.00;137.00;178.00;176.00;229.00;167.00;166.00;170.00;790.00
2011;30;765.00;;369.00;236.00;143.00;156.00;176.00;252.00;146.00;196.00;158.00;790.00
2011;31;727.00;;399.00;;147.00;;173.00;207.00;;188.00;;816.00
2012;1;814.00;698.00;386.00;291.00;718.00;399.00;291.00;264.00;158.00;223.00;337.00;276.00
2012;2;972.00;636.00;376.00;297.00;668.00;385.00;287.00;263.00;155.00;219.00;344.00;321.00
2012;3;1090.00;581.00;347.00;282.00;671.00;401.00;273.00;242.00;174.00;224.00;394.00;266.00
2012;4;1130.00;549.00;353.00;298.00;685.00;410.00;255.00;243.00;175.00;280.00;359.00;368.00
2012;5;1150.00;495.00;345.00;295.00;789.00;376.00;301.00;246.00;158.00;268.00;439.00;356.00
2012;6;1270.00;481.00;361.00;255.00;963.00;336.00;351.00;219.00;196.00;245.00;609.00;487.00
2012;7;1260.00;408.00;403.00;271.00;909.00;373.00;363.00;249.00;161.00;292.00;580.00;547.00
2012;8;1290.00;453.00;458.00;266.00;921.00;382.00;404.00;210.00;163.00;259.00;585.00;585.00
2012;9;1320.00;420.00;457.00;275.00;870.00;368.00;488.00;216.00;162.00;299.00;554.00;571.00
2012;10;1340.00;404.00;444.00;299.00;822.00;338.00;351.00;227.00;173.00;352.00;546.00;516.00
2012;11;1290.00;396.00;445.00;287.00;775.00;336.00;352.00;193.00;181.00;304.00;576.00;535.00
2012;12;1230.00;382.00;444.00;324.00;725.00;319.00;348.00;212.00;203.00;387.00;568.00;535.00
2012;13;1160.00;369.00;447.00;275.00;649.00;351.00;366.00;207.00;201.00;329.00;563.00;511.00
2012;14;1170.00;325.00;413.00;290.00;650.00;338.00;395.00;206.00;189.00;422.00;542.00;588.00
2012;15;1110.00;396.00;392.00;278.00;602.00;327.00;480.00;201.00;190.00;481.00;494.00;598.00
2012;16;1040.00;367.00;372.00;276.00;596.00;353.00;517.00;183.00;170.00;571.00;496.00;642.00
2012;17;925.00;366.00;363.00;269.00;593.00;332.00;459.00;200.00;182.00;569.00;475.00;714.00
2012;18;870.00;369.00;350.00;273.00;545.00;417.00;412.00;188.00;195.00;490.00;486.00;792.00
2012;19;773.00;398.00;363.00;303.00;552.00;358.00;398.00;175.00;167.00;545.00;462.00;832.00
2012;20;712.00;428.00;333.00;280.00;549.00;302.00;360.00;207.00;174.00;536.00;404.00;905.00
2012;21;715.00;403.00;356.00;281.00;546.00;399.00;327.00;182.00;180.00;526.00;414.00;983.00
2012;22;661.00;425.00;354.00;278.00;615.00;444.00;304.00;188.00;200.00;466.00;379.00;1010.00
2012;23;757.00;413.00;358.00;300.00;594.00;400.00;305.00;176.00;159.00;381.00;373.00;1130.00
2012;24;817.00;392.00;356.00;401.00;678.00;400.00;257.00;178.00;222.00;402.00;373.00;1180.00
2012;25;862.00;395.00;350.00;384.00;661.00;388.00;275.00;177.00;241.00;371.00;347.00;1230.00
2012;26;866.00;382.00;328.00;406.00;634.00;343.00;238.00;176.00;210.00;359.00;338.00;1160.00
2012;27;880.00;385.00;282.00;487.00;524.00;330.00;266.00;177.00;265.00;328.00;353.00;1120.00
2012;28;863.00;393.00;345.00;586.00;512.00;326.00;319.00;174.00;259.00;314.00;311.00;1130.00
2012;29;878.00;401.00;295.00;673.00;512.00;325.00;247.00;168.00;212.00;331.00;333.00;1180.00
2012;30;857.00;;293.00;729.00;389.00;302.00;278.00;187.00;229.00;334.00;307.00;1260.00
2012;31;767.00;;301.00;;424.00;;275.00;171.00;;342.00;;1270.00
2013;1;1290.00;1020.00;784.00;687.00;703.00;1130.00;526.00;276.00;254.00;313.00;766.00;826.00
2013;2;1280.00;1140.00;778.00;590.00;800.00;1110.00;501.00;295.00;238.00;320.00;879.00;835.00
2013;3;1300.00;1240.00;760.00;604.00;942.00;1030.00;475.00;283.00;314.00;291.00;832.00;813.00
2013;4;1280.00;1370.00;714.00;556.00;1010.00;960.00;451.00;275.00;264.00;323.00;925.00;794.00
2013;5;1230.00;1450.00;668.00;576.00;1040.00;903.00;456.00;276.00;252.00;293.00;992.00;777.00
2013;6;1150.00;1530.00;645.00;514.00;1090.00;824.00;448.00;251.00;259.00;341.00;1070.00;738.00
2013;7;1140.00;1580.00;619.00;507.00;1130.00;797.00;476.00;360.00;231.00;360.00;1070.00;735.00
2013;8;1060.00;1600.00;574.00;496.00;1140.00;729.00;438.00;315.00;238.00;365.00;1160.00;714.00
2013;9;1040.00;1600.00;616.00;486.00;1160.00;756.00;417.00;309.00;314.00;394.00;1160.00;709.00
2013;10;955.00;1600.00;592.00;548.00;1060.00;808.00;381.00;280.00;290.00;449.00;1250.00;682.00
2013;11;927.00;1610.00;627.00;594.00;966.00;745.00;361.00;265.00;262.00;403.00;1320.00;637.00
2013;12;896.00;1600.00;676.00;628.00;946.00;698.00;343.00;266.00;275.00;432.00;1340.00;612.00
2013;13;935.00;1580.00;798.00;786.00;940.00;649.00;344.00;274.00;248.00;408.00;1370.00;631.00
2013;14;934.00;1560.00;826.00;899.00;950.00;597.00;330.00;256.00;274.00;437.00;1350.00;621.00
2013;15;876.00;1520.00;793.00;1020.00;915.00;590.00;331.00;265.00;323.00;470.00;1300.00;584.00
2013;16;846.00;1400.00;757.00;939.00;900.00;585.00;343.00;251.00;323.00;486.00;1220.00;576.00
2013;17;769.00;1310.00;727.00;825.00;861.00;582.00;295.00;252.00;348.00;613.00;1230.00;558.00
2013;18;684.00;1270.00;763.00;809.00;884.00;587.00;304.00;255.00;335.00;570.00;1210.00;504.00
2013;19;665.00;1210.00;787.00;807.00;892.00;505.00;299.00;273.00;369.00;588.00;1180.00;526.00
2013;20;684.00;1100.00;895.00;747.00;908.00;748.00;286.00;240.00;370.00;593.00;1090.00;497.00
2013;21;664.00;1060.00;939.00;703.00;1020.00;765.00;291.00;252.00;346.00;586.00;1090.00;485.00
2013;22;765.00;1010.00;963.00;613.00;1100.00;702.00;284.00;223.00;333.00;575.00;1070.00;483.00
2013;23;800.00;968.00;970.00;649.00;1190.00;728.00;293.00;229.00;370.00;618.00;1110.00;524.00
2013;24;798.00;947.00;935.00;601.00;1200.00;756.00;318.00;233.00;337.00;599.00;1090.00;514.00
2013;25;796.00;918.00;877.00;532.00;1230.00;726.00;293.00;355.00;329.00;713.00;1020.00;661.00
2013;26;802.00;901.00;900.00;534.00;1190.00;674.00;310.00;314.00;328.00;699.00;1000.00;818.00
2013;27;755.00;866.00;854.00;529.00;1110.00;623.00;442.00;256.00;302.00;713.00;956.00;1000.00
2013;28;772.00;810.00;796.00;543.00;1150.00;591.00;366.00;311.00;302.00;826.00;907.00;1020.00
2013;29;885.00;;780.00;614.00;1130.00;577.00;361.00;238.00;334.00;833.00;893.00;973.00
2013;30;901.00;;690.00;657.00;1090.00;555.00;343.00;264.00;359.00;832.00;866.00;962.00
2013;31;971.00;;659.00;;1160.00;;303.00;255.00;;800.00;;970.00
2014;1;942.00;1030.00;997.00;447.00;372.00;241.00;223.00;250.00;325.00;233.00;353.00;402.00
2014;2;895.00;1060.00;1120.00;447.00;530.00;263.00;226.00;237.00;303.00;227.00;357.00;344.00
2014;3;883.00;1110.00;1150.00;441.00;410.00;259.00;212.00;248.00;281.00;234.00;350.00;339.00
2014;4;957.00;1050.00;1180.00;454.00;395.00;292.00;203.00;276.00;279.00;226.00;394.00;367.00
2014;5;940.00;1000.00;1150.00;401.00;348.00;328.00;211.00;238.00;299.00;234.00;390.00;350.00
2014;6;919.00;961.00;1050.00;422.00;338.00;282.00;234.00;270.00;280.00;233.00;483.00;345.00
2014;7;923.00;938.00;968.00;426.00;316.00;269.00;227.00;358.00;267.00;273.00;564.00;313.00
2014;8;940.00;960.00;902.00;413.00;350.00;273.00;231.00;306.00;258.00;353.00;662.00;330.00
2014;9;913.00;936.00;874.00;377.00;347.00;360.00;267.00;311.00;260.00;423.00;643.00;314.00
2014;10;868.00;910.00;820.00;395.00;332.00;390.00;372.00;320.00;267.00;483.00;557.00;310.00
2014;11;852.00;896.00;781.00;392.00;351.00;364.00;417.00;335.00;230.00;529.00;574.00;335.00
2014;12;821.00;875.00;760.00;371.00;352.00;294.00;398.00;310.00;249.00;462.00;559.00;337.00
2014;13;788.00;897.00;717.00;372.00;364.00;260.00;358.00;329.00;242.00;508.00;534.00;558.00
2014;14;739.00;993.00;667.00;378.00;329.00;235.00;371.00;380.00;228.00;466.00;469.00;608.00
2014;15;748.00;1080.00;618.00;365.00;327.00;221.00;332.00;504.00;240.00;496.00;546.00;654.00
2014;16;729.00;1130.00;613.00;343.00;312.00;205.00;279.00;459.00;231.00;499.00;523.00;545.00
2014;17;767.00;1130.00;632.00;343.00;304.00;228.00;275.00;455.00;238.00;547.00;640.00;555.00
2014;18;786.00;1110.00;592.00;352.00;289.00;212.00;256.00;417.00;242.00;512.00;697.00;666.00
2014;19;785.00;1060.00;571.00;335.00;294.00;210.00;248.00;407.00;256.00;574.00;645.00;828.00
2014;20;725.00;1040.00;555.00;340.00;282.00;182.00;267.00;382.00;230.00;537.00;641.00;899.00
2014;21;694.00;1000.00;542.00;331.00;336.00;169.00;332.00;357.00;278.00;530.00;612.00;953.00
2014;22;866.00;970.00;539.00;339.00;399.00;194.00;274.00;343.00;248.00;533.00;588.00;965.00
2014;23;939.00;945.00;533.00;349.00;317.00;189.00;274.00;296.00;252.00;485.00;523.00;902.00
2014;24;968.00;994.00;519.00;321.00;324.00;195.00;242.00;318.00;254.00;497.00;522.00;862.00
2014;25;957.00;1040.00;546.00;373.00;300.00;179.00;260.00;318.00;245.00;426.00;438.00;827.00
2014;26;964.00;1020.00;529.00;363.00;315.00;199.00;226.00;414.00;258.00;469.00;478.00;847.00
2014;27;998.00;928.00;516.00;355.00;309.00;175.00;223.00;386.00;229.00;442.00;435.00;831.00
2014;28;1000.00;953.00;482.00;343.00;307.00;196.00;307.00;366.00;244.00;470.00;460.00;872.00
2014;29;1090.00;;483.00;333.00;290.00;251.00;291.00;355.00;244.00;419.00;397.00;878.00
2014;30;1040.00;;478.00;412.00;290.00;232.00;277.00;337.00;249.00;397.00;396.00;876.00
2014;31;1020.00;;459.00;;273.00;;252.00;336.00;;361.00;;788.00
2015;1;770.00;1150.00;949.00;686.00;653.00;342.00;185.00;159.00;203.00;216.00;204.00;378.00
2015;2;803.00;1200.00;932.00;743.00;644.00;319.00;183.00;171.00;236.00;191.00;198.00;336.00
2015;3;778.00;1250.00;960.00;695.00;843.00;331.00;190.00;162.00;244.00;196.00;210.00;377.00
2015;4;766.00;1190.00;1000.00;727.00;987.00;292.00;171.00;180.00;215.00;197.00;207.00;333.00
2015;5;783.00;1130.00;977.00;729.00;1160.00;288.00;187.00;163.00;197.00;221.00;206.00;297.00
2015;6;817.00;1060.00;925.00;745.00;1230.00;252.00;190.00;161.00;212.00;365.00;210.00;296.00
2015;7;798.00;1050.00;909.00;753.00;1250.00;272.00;180.00;166.00;204.00;294.00;194.00;311.00
2015;8;831.00;994.00;884.00;683.00;1260.00;268.00;186.00;158.00;209.00;245.00;199.00;293.00
2015;9;828.00;960.00;827.00;637.00;1160.00;263.00;180.00;159.00;202.00;236.00;191.00;296.00
2015;10;852.00;874.00;777.00;612.00;918.00;255.00;176.00;171.00;199.00;239.00;175.00;271.00
2015;11;892.00;817.00;754.00;586.00;853.00;252.00;174.00;171.00;191.00;221.00;191.00;257.00
2015;12;915.00;764.00;698.00;578.00;804.00;239.00;183.00;159.00;246.00;222.00;190.00;291.00
2015;13;981.00;747.00;662.00;521.00;765.00;239.00;196.00;182.00;320.00;236.00;203.00;272.00
2015;14;953.00;711.00;625.00;527.00;707.00;233.00;185.00;214.00;247.00;225.00;172.00;269.00
2015;15;929.00;712.00;622.00;524.00;676.00;230.00;184.00;238.00;229.00;233.00;171.00;257.00
2015;16;985.00;670.00;561.00;478.00;628.00;241.00;181.00;198.00;293.00;232.00;180.00;328.00
2015;17;1020.00;668.00;561.00;485.00;596.00;223.00;180.00;194.00;307.00;229.00;191.00;276.00
2015;18;1060.00;641.00;536.00;475.00;585.00;244.00;176.00;200.00;283.00;245.00;195.00;289.00
2015;19;1090.00;611.00;519.00;440.00;571.00;232.00;230.00;192.00;302.00;273.00;191.00;276.00
2015;20;1030.00;597.00;461.00;489.00;502.00;237.00;192.00;206.00;252.00;242.00;325.00;276.00
2015;21;996.00;645.00;499.00;455.00;486.00;215.00;199.00;204.00;243.00;196.00;400.00;269.00
2015;22;938.00;700.00;484.00;424.00;435.00;232.00;191.00;183.00;269.00;244.00;453.00;257.00
2015;23;927.00;787.00;478.00;420.00;412.00;249.00;182.00;173.00;286.00;219.00;352.00;263.00
2015;24;899.00;859.00;461.00;393.00;425.00;236.00;191.00;233.00;253.00;230.00;413.00;257.00
2015;25;872.00;918.00;503.00;397.00;406.00;238.00;183.00;225.00;252.00;212.00;504.00;275.00
2015;26;809.00;827.00;479.00;417.00;393.00;205.00;171.00;192.00;211.00;224.00;420.00;274.00
2015;27;758.00;865.00;525.00;450.00;364.00;215.00;213.00;245.00;233.00;220.00;412.00;263.00
2015;28;742.00;890.00;467.00;429.00;355.00;201.00;187.00;344.00;234.00;270.00;408.00;271.00
2015;29;834.00;;465.00;556.00;321.00;198.00;193.00;233.00;231.00;233.00;386.00;259.00
2015;30;902.00;;511.00;586.00;323.00;189.00;176.00;225.00;212.00;225.00;398.00;249.00
2015;31;1060.00;;620.00;;329.00;;183.00;216.00;;195.00;;246.00
2016;1;243.00;539.00;916.00;706.00;472.00;1520.00;723.00;348.00;255.00;259.00;329.00;384.00
2016;2;238.00;672.00;862.00;833.00;507.00;1640.00;708.00;362.00;266.00;284.00;294.00;356.00
2016;3;251.00;722.00;848.00;777.00;494.00;1820.00;638.00;364.00;253.00;270.00;285.00;373.00
2016;4;318.00;679.00;828.00;739.00;453.00;1960.00;626.00;371.00;254.00;270.00;278.00;338.00
2016;5;315.00;674.00;1030.00;741.00;454.00;2010.00;597.00;367.00;267.00;257.00;263.00;343.00
2016;6;364.00;708.00;1100.00;787.00;447.00;1970.00;546.00;369.00;285.00;255.00;288.00;311.00
2016;7;432.00;718.00;1130.00;838.00;392.00;1870.00;499.00;367.00;272.00;214.00;303.00;302.00
2016;8;468.00;733.00;1120.00;864.00;421.00;1690.00;506.00;341.00;261.00;243.00;286.00;314.00
2016;9;449.00;813.00;1130.00;843.00;387.00;1460.00;460.00;350.00;270.00;219.00;323.00;258.00
2016;10;498.00;927.00;1150.00;786.00;417.00;1270.00;466.00;329.00;234.00;249.00;365.00;288.00
2016;11;521.00;999.00;1070.00;749.00;442.00;1220.00;452.00;323.00;250.00;250.00;339.00;264.00
2016;12;507.00;1040.00;1030.00;750.00;456.00;1210.00;443.00;319.00;261.00;246.00;317.00;285.00
2016;13;522.00;1050.00;990.00;735.00;494.00;1200.00;465.00;312.00;284.00;250.00;382.00;282.00
2016;14;522.00;1080.00;972.00;699.00;541.00;1220.00;429.00;329.00;252.00;259.00;365.00;264.00
2016;15;579.00;1170.00;928.00;680.00;689.00;1270.00;440.00;309.00;321.00;284.00;377.00;281.00
2016;16;536.00;1250.00;900.00;695.00;677.00;1300.00;456.00;314.00;274.00;260.00;376.00;225.00
2016;17;478.00;1250.00;800.00;650.00;645.00;1330.00;428.00;307.00;298.00;279.00;357.00;256.00
2016;18;517.00;1250.00;754.00;648.00;564.00;1330.00;428.00;297.00;274.00;253.00;363.00;254.00
2016;19;484.00;1160.00;725.00;731.00;600.00;1340.00;410.00;364.00;282.00;273.00;338.00;254.00
2016;20;447.00;1120.00;674.00;704.00;559.00;1290.00;389.00;279.00;280.00;258.00;348.00;245.00
2016;21;418.00;1070.00;652.00;720.00;508.00;1270.00;387.00;297.00;281.00;267.00;399.00;245.00
2016;22;398.00;1030.00;568.00;596.00;619.00;1180.00;367.00;302.00;271.00;264.00;410.00;336.00
2016;23;384.00;1040.00;567.00;641.00;770.00;1140.00;354.00;298.00;271.00;261.00;442.00;276.00
2016;24;374.00;1000.00;537.00;591.00;839.00;1070.00;380.00;300.00;282.00;324.00;546.00;257.00
2016;25;367.00;989.00;519.00;582.00;783.00;964.00;401.00;285.00;266.00;305.00;624.00;262.00
2016;26;333.00;986.00;474.00;599.00;687.00;928.00;403.00;284.00;264.00;313.00;666.00;274.00
2016;27;355.00;1010.00;557.00;552.00;571.00;931.00;387.00;283.00;260.00;269.00;620.00;260.00
2016;28;355.00;1010.00;541.00;517.00;535.00;915.00;369.00;278.00;249.00;289.00;538.00;253.00
2016;29;342.00;959.00;551.00;513.00;562.00;848.00;367.00;276.00;247.00;286.00;479.00;247.00
2016;30;369.00;;523.00;538.00;709.00;793.00;364.00;265.00;242.00;305.00;441.00;244.00
2016;31;441.00;;570.00;;1220.00;;369.00;262.00;;307.00;;239.00
2017;1;240.00;313.00;359.00;466.00;299.00;184.00;207.00;178.00;183.00;267.00;216.00;548.00
2017;2;242.00;350.00;459.00;432.00;244.00;191.00;194.00;173.00;217.00;343.00;194.00;541.00
2017;3;231.00;385.00;552.00;468.00;255.00;204.00;184.00;170.00;190.00;312.00;201.00;549.00
2017;4;237.00;464.00;620.00;424.00;276.00;211.00;188.00;171.00;175.00;235.00;204.00;543.00
2017;5;234.00;461.00;701.00;406.00;270.00;215.00;157.00;155.00;170.00;253.00;200.00;533.00
2017;6;230.00;481.00;790.00;422.00;255.00;217.00;185.00;168.00;183.00;278.00;208.00;512.00
2017;7;222.00;534.00;973.00;379.00;278.00;241.00;158.00;161.00;172.00;239.00;206.00;458.00
2017;8;225.00;535.00;943.00;324.00;260.00;193.00;164.00;158.00;175.00;244.00;208.00;449.00
2017;9;233.00;491.00;933.00;380.00;263.00;269.00;157.00;177.00;293.00;224.00;208.00;416.00
2017;10;269.00;469.00;916.00;344.00;264.00;205.00;337.00;216.00;244.00;259.00;198.00;465.00
2017;11;258.00;438.00;873.00;330.00;261.00;197.00;200.00;160.00;227.00;207.00;232.00;650.00
2017;12;254.00;443.00;843.00;328.00;249.00;195.00;176.00;174.00;225.00;222.00;326.00;727.00
2017;13;328.00;418.00;833.00;312.00;270.00;165.00;175.00;173.00;246.00;203.00;343.00;792.00
2017;14;337.00;397.00;805.00;311.00;248.00;167.00;163.00;165.00;468.00;243.00;407.00;792.00
2017;15;313.00;370.00;774.00;302.00;256.00;162.00;168.00;171.00;382.00;255.00;390.00;858.00
2017;16;410.00;381.00;760.00;307.00;238.00;139.00;164.00;229.00;295.00;259.00;447.00;887.00
2017;17;349.00;379.00;712.00;290.00;237.00;148.00;161.00;185.00;295.00;227.00;437.00;878.00
2017;18;345.00;340.00;655.00;303.00;276.00;154.00;145.00;246.00;354.00;252.00;420.00;875.00
2017;19;319.00;362.00;620.00;284.00;401.00;135.00;167.00;229.00;331.00;201.00;426.00;908.00
2017;20;314.00;331.00;628.00;270.00;241.00;158.00;140.00;204.00;311.00;256.00;385.00;926.00
2017;21;281.00;351.00;566.00;272.00;250.00;131.00;168.00;191.00;284.00;186.00;332.00;944.00
2017;22;263.00;302.00;606.00;256.00;250.00;127.00;146.00;156.00;244.00;207.00;293.00;886.00
2017;23;268.00;333.00;594.00;267.00;226.00;146.00;157.00;179.00;260.00;228.00;336.00;871.00
2017;24;262.00;341.00;683.00;258.00;201.00;129.00;160.00;163.00;248.00;237.00;358.00;837.00
2017;25;241.00;304.00;673.00;245.00;210.00;132.00;194.00;201.00;236.00;214.00;339.00;817.00
2017;26;249.00;329.00;627.00;258.00;206.00;123.00;149.00;223.00;246.00;205.00;347.00;781.00
2017;27;257.00;320.00;609.00;252.00;202.00;137.00;171.00;200.00;213.00;193.00;330.00;757.00
2017;28;254.00;372.00;563.00;257.00;175.00;184.00;175.00;204.00;234.00;181.00;439.00;769.00
2017;29;269.00;;516.00;233.00;189.00;196.00;161.00;171.00;228.00;203.00;510.00;780.00
2017;30;252.00;;515.00;238.00;163.00;199.00;163.00;179.00;285.00;214.00;527.00;856.00
2017;31;300.00;;456.00;;191.00;;148.00;178.00;;192.00;;930.00
2018;1;965.00;2120.00;1090.00;1150.00;640.00;427.00;278.00;208.00;212.00;189.00;192.00;199.00
2018;2;1080.00;2090.00;1070.00;1100.00;561.00;438.00;272.00;192.00;195.00;199.00;217.00;272.00
2018;3;1100.00;2060.00;1050.00;1040.00;538.00;436.00;267.00;208.00;201.00;188.00;183.00;260.00
2018;4;1230.00;2050.00;1030.00;1070.00;513.00;402.00;262.00;189.00;206.00;195.00;198.00;341.00
2018;5;1300.00;2040.00;1060.00;1040.00;475.00;487.00;256.00;176.00;207.00;176.00;194.00;366.00
2018;6;1370.00;2010.00;1020.00;1060.00;442.00;539.00;249.00;188.00;212.00;192.00;185.00;411.00
2018;7;1460.00;1940.00;981.00;1120.00;456.00;594.00;243.00;194.00;202.00;190.00;198.00;426.00
2018;8;1510.00;1860.00;1000.00;1080.00;402.00;569.00;237.00;198.00;188.00;192.00;187.00;437.00
2018;9;1540.00;1800.00;988.00;1010.00;425.00;464.00;231.00;241.00;186.00;191.00;178.00;441.00
2018;10;1560.00;1740.00;973.00;1040.00;394.00;469.00;210.00;223.00;227.00;193.00;194.00;453.00
2018;11;1590.00;1690.00;1040.00;1030.00;400.00;544.00;204.00;201.00;179.00;203.00;212.00;426.00
2018;12;1610.00;1660.00;1100.00;1030.00;365.00;970.00;190.00;210.00;185.00;233.00;301.00;450.00
2018;13;1540.00;1610.00;1110.00;1030.00;414.00;840.00;208.00;228.00;201.00;193.00;241.00;488.00
2018;14;1440.00;1590.00;1050.00;963.00;390.00;777.00;174.00;220.00;203.00;195.00;190.00;450.00
2018;15;1350.00;1570.00;1040.00;941.00;491.00;575.00;203.00;208.00;187.00;217.00;209.00;436.00
2018;16;1330.00;1520.00;1030.00;865.00;483.00;550.00;214.00;219.00;182.00;224.00;204.00;488.00
2018;17;1300.00;1480.00;1090.00;810.00;485.00;503.00;241.00;208.00;191.00;199.00;189.00;409.00
2018;18;1330.00;1480.00;1220.00;772.00;455.00;511.00;224.00;195.00;185.00;194.00;187.00;385.00
2018;19;1400.00;1500.00;1250.00;733.00;486.00;440.00;236.00;209.00;203.00;181.00;186.00;361.00
2018;20;1420.00;1530.00;1250.00;681.00;485.00;402.00;244.00;208.00;175.00;186.00;186.00;343.00
2018;21;1480.00;1550.00;1200.00;664.00;465.00;415.00;248.00;197.00;205.00;186.00;190.00;382.00
2018;22;1560.00;1550.00;1150.00;658.00;469.00;375.00;268.00;200.00;183.00;188.00;179.00;390.00
2018;23;1700.00;1510.00;1120.00;627.00;462.00;356.00;229.00;194.00;198.00;178.00;183.00;431.00
2018;24;1780.00;1410.00;1130.00;575.00;407.00;337.00;209.00;209.00;224.00;179.00;236.00;566.00
2018;25;1860.00;1330.00;1160.00;529.00;447.00;322.00;237.00;196.00;192.00;192.00;205.00;558.00
2018;26;1950.00;1270.00;1150.00;568.00;563.00;316.00;207.00;207.00;200.00;170.00;224.00;596.00
2018;27;2010.00;1200.00;1130.00;503.00;397.00;307.00;224.00;204.00;195.00;170.00;205.00;530.00
2018;28;2050.00;1160.00;1130.00;490.00;426.00;276.00;316.00;204.00;195.00;170.00;299.00;584.00
2018;29;2090.00;;1150.00;480.00;555.00;289.00;242.00;288.00;189.00;167.00;233.00;556.00
2018;30;2110.00;;1160.00;644.00;534.00;283.00;198.00;255.00;176.00;239.00;219.00;554.00
2018;31;2120.00;;1200.00;;445.00;;214.00;231.00;;190.00;;497.00
2019;1;412.00;672.00;380.00;445.00;270.00;265.00;172.00;165.00;118.00;153.00;;
2019;2;400.00;858.00;380.00;464.00;279.00;226.00;196.00;139.00;131.00;165.00;;
2019;3;346.00;903.00;368.00;436.00;291.00;248.00;176.00;143.00;115.00;146.00;;
2019;4;357.00;904.00;389.00;444.00;312.00;256.00;157.00;142.00;115.00;156.00;;
2019;5;326.00;801.00;378.00;437.00;295.00;290.00;147.00;156.00;124.00;145.00;;
2019;6;338.00;743.00;381.00;430.00;273.00;360.00;158.00;163.00;117.00;145.00;;
2019;7;334.00;752.00;495.00;423.00;284.00;290.00;162.00;229.00;114.00;150.00;;
2019;8;324.00;687.00;536.00;416.00;296.00;260.00;158.00;155.00;121.00;198.00;;
2019;9;303.00;683.00;566.00;409.00;345.00;245.00;216.00;213.00;123.00;213.00;;
2019;10;325.00;698.00;530.00;403.00;339.00;219.00;156.00;286.00;123.00;172.00;;
2019;11;294.00;741.00;543.00;396.00;648.00;251.00;149.00;160.00;121.00;179.00;;
2019;12;313.00;748.00;560.00;389.00;616.00;237.00;148.00;169.00;134.00;172.00;;
2019;13;322.00;693.00;551.00;382.00;626.00;264.00;178.00;178.00;120.00;174.00;;
2019;14;329.00;676.00;553.00;375.00;506.00;233.00;154.00;171.00;136.00;173.00;;
2019;15;299.00;642.00;580.00;369.00;477.00;281.00;168.00;172.00;134.00;176.00;;
2019;16;346.00;612.00;691.00;362.00;448.00;254.00;147.00;165.00;128.00;222.00;;
2019;17;419.00;596.00;774.00;355.00;421.00;254.00;141.00;176.00;128.00;210.00;;
2019;18;403.00;548.00;789.00;348.00;437.00;222.00;162.00;307.00;121.00;164.00;;
2019;19;406.00;529.00;794.00;341.00;424.00;221.00;160.00;205.00;123.00;200.00;;
2019;20;417.00;511.00;783.00;335.00;411.00;271.00;168.00;187.00;121.00;200.00;;
2019;21;402.00;469.00;775.00;328.00;370.00;206.00;161.00;187.00;116.00;287.00;;
2019;22;396.00;457.00;798.00;321.00;340.00;189.00;147.00;168.00;132.00;265.00;;
2019;23;391.00;421.00;807.00;314.00;352.00;200.00;154.00;182.00;153.00;225.00;;
2019;24;435.00;416.00;781.00;307.00;317.00;199.00;142.00;163.00;126.00;247.00;;
2019;25;391.00;370.00;742.00;301.00;309.00;197.00;139.00;126.00;164.00;265.00;;
2019;26;363.00;346.00;679.00;294.00;311.00;168.00;147.00;134.00;152.00;237.00;;
2019;27;387.00;363.00;644.00;287.00;297.00;165.00;249.00;130.00;171.00;244.00;;
2019;28;469.00;373.00;571.00;280.00;285.00;150.00;162.00;131.00;153.00;;;
2019;29;504.00;;531.00;273.00;283.00;166.00;175.00;125.00;157.00;;;
2019;30;626.00;;505.00;267.00;262.00;168.00;166.00;128.00;161.00;;;
2019;31;656.00;;469.00;;258.00;;148.00;122.00;;;;
